APMC's,Commodity,Min Price(Price in Rs.),Modal Price(Price in Rs.),Max Price(Price in Rs.)
ADONI,CASTOR SEED,5750,6038,6038
ADONI,SUN FLOWER SEEDS,4251,4251,4251
ADONI,COTTON,4080,7729,7729
ADONI,GROUND NUT,2700,5190,6367
ADONI,ARHAR WHOLE / TUR (RED GRAM),5787,5787,5787
ADONI,COTTON,5380,7729,7729
ADONI,GROUND NUT,3400,5493,5893
ADONI,CASTOR SEED,5750,6038,6038
ADONI,SUN FLOWER SEEDS,2251,3251,4251
ANANTHAPURAMU,MOUSAMBI,300,1400,2653
DENDULURU,LEMON,5000,5000,12000
ELURU,LEMON,6500,8000,12000
ELURU,LEMON,6500,8000,12000
GUNTUR,CHILLI- ARMOUR,6000,9500,10000
GUNTUR,CHILLI-4884,7500,9500,14000
GUNTUR,CHILLI-334,4000,10000,14000
GUNTUR,CHILLI-DEVANURU DELUX,7000,11000,13000
GUNTUR,CHILLI BADIGA,10000,10600,11500
GUNTUR,CHILLI-4884,7500,9500,14000
GUNTUR,CHILLI-TEJA,4000,12500,14500
GUNTUR,CHILLI- ARMOUR,9500,10000,10000
GUNTUR,CHILLI-341,10000,13000,14000
GUNTUR,CHILLI-DEVANURU DELUX,7000,11000,13000
GUNTUR,CHILLI-341,7000,13000,14000
GUNTUR,CHILLI-BADIGI A/C,10500,10500,10500
GUNTUR,CHILLI-TEJA,4000,11000,14500
GUNTUR,CHILLI-TEJA,4000,12500,14500
GUNTUR,CHILLI-SUPER10,11000,11000,11000
GUNTUR,CHILLI BANGARAM,10200,10200,10200
GUNTUR,CHILLI-TEJA,6700,13300,14000
GUNTUR,CHILLI-273,8200,12500,12500
GUNTUR,CHILLI BADIGA,6000,8000,21000
GUNTUR,CHILLI-341,7000,12300,14600
GUNTUR,CHILLI-273,8200,12500,12500
GUNTUR,CHILLI-5,8000,9500,14500
GUNTUR,CHILLI-341,7000,12300,14600
GUNTUR,CHILLI-SUPER10,11000,11000,11000
GUNTUR,CHILLI BADIGA,7000,8000,11500
GUNTUR,CHILLI-334,8000,10600,13500
GUNTUR,CHILLI-5,8000,9500,14500
GUNTUR,CHILLI-THAALU,2000,6000,13500
GUNTUR,CHILLI-334,5000,8000,13500
GUNTUR,CHILLI-5,11500,11500,11500
GUNTUR,CHILLI-SUPER10,11000,11000,11000
GUNTUR,CHILLI-DEVANURU DELUX,11000,13000,13000
GUNTUR,CHILLI-DEVANURU DELUX,11000,11000,12000
GUNTUR,CHILLI-THAALU,3500,6700,12200
GUNTUR,CHILLI-THAALU,2000,6000,13500
GUNTUR,CHILLI BADIGA,6000,8000,21000
GUNTUR,CHILLI-SUPER10 A/C,10500,10500,10500
GUNTUR,CHILLI- ARMOUR,6000,9500,10000
GUNTUR,CHILLI-THAALU,4000,6800,12200
GUNTUR,CHILLI-334,4000,10000,14000
KADAPA,GROUND NUT,6101,6101,6101
KALIKIRI,TOMATO,950,1160,1330
MADANAPALLE,TOMATO,800,1000,2300
PALAMANER,CABBAGE,1000,1000,1000
PALAMANER,BEANS -CLUSTER,5000,5000,5000
PALAMANER,POTATO,1500,1600,1600
PALAMANER,TOMATO,1000,1200,1200
PALAMANER,BRINJAL,2500,2500,2500
PALAMANER,CAULIFLOWER,1000,1100,1100
PALAMANER,GREEN CHILLI,3000,5000,5000
PALAMANER,RIDGE GOURD (TURAI),1500,1700,1700
PIDUGURALLA,CHILLI-334,8600,9500,12000
PIDUGURALLA,CHILLI-TEJA,9000,12000,13000
PIDUGURALLA,CHILLI-TEJA,9000,12100,12900
PIDUGURALLA,CHILLI-334,8000,11500,12000
PUNGANUR,TOMATO,1000,1070,1140
TENALI,LEMON,8500,8540,11000
CHANDIGARH SECTOR-26,POMEGRANATE,14000,14000,14000
CHANDIGARH SECTOR-26,GINGER,3300,3400,4100
CHANDIGARH SECTOR-26,ONION,1600,2000,2050
CHANDIGARH SECTOR-26,APPLE,5500,13000,13000
CHANDIGARH SECTOR-26,GARLIC,4500,5600,6100
CHANDIGARH SECTOR-26,LEMON,6400,6500,8000
CHANDIGARH SECTOR-26,POTATO,380,450,600
AMBIKAPUR,PADDY-MAHAMAYA,2305,2305,2305
BEMETARA,WHEAT,2100,2350,2450
BHATAPARA,PADDY-VISHNUBHOG,5700,5870,5871
BHATAPARA,PADDY COMMON,2185,2811,2960
BHATAPARA,WHEAT,2250,2465,2465
KATGHORA,PADDY,2150,2150,2150
KAWARADHA,WHEAT,2260,2386,2386
KAWARADHA,LAKH/TEORA,4030,4030,4030
KAWARADHA,CHANA (BENGAL GRAM),3903,5460,5573
KAWARADHA,CHANA (BENGAL GRAM),3903,5481,5481
KAWARADHA,WHEAT,2260,2394,2394
KAWARADHA,LAKH/TEORA,3971,3971,4030
MUNGELI,CHANA (BENGAL GRAM),5630,5630,5630
MUNGELI,PADDY-MAHAMAYA,2370,2550,2550
MUNGELI,CHANA (BENGAL GRAM),5290,5630,5660
MUNGELI,WHEAT,2340,2340,2340
MUNGELI,WHEAT,2290,2380,2390
NAVAPARA,SWARNA PADDY,2150,2258,2268
NAVAPARA,PADDY-MTU 1010,2200,2238,2240
NAVAPARA,PADDY-MAHAMAYA,2230,2230,2254
RAIPUR,PADDY-MAHAMAYA,1800,1800,2208
RAIPUR,PADDY-MTU 1010,2216,2236,2236
RAIPUR,SWARNA PADDY,1800,2200,2200
RAIPUR,PADDY-MAHAMAYA,1850,2000,2208
RAIPUR,SWARNA PADDY,1800,2200,2200
RAJIM,PADDY SAMBA MASURI,2000,2388,2402
RAJIM,SWARNA PADDY,1920,2250,2260
RAJIM,PADDY-1008,1251,2225,2237
RAJNANDGAON,PADDY-BPT,2350,2350,2350
RAJNANDGAON,PADDY-SWARNAMASOORI,2090,2090,2090
RAJNANDGAON,SOYABEANS,4051,4051,4051
RAJNANDGAON,LAKH/TEORA,4075,4221,4230
RAJNANDGAON,PEAS GREEN ,4700,4801,4801
RAJNANDGAON,PADDY-MAHAMAYA,1750,2575,2575
RAJNANDGAON,WHEAT,2390,2770,2770
RAJNANDGAON,CHANA (BENGAL GRAM),5350,5500,5681
RAJNANDGAON,MASOOR,5600,5615,5630
SARAIPALI,PADDY-MTU1001,2045,2065,2095
BHABHAR,CASTOR SEED,6000,6237,6240
BHARUCH,POTATO,1550,1800,1800
BHARUCH,ONION,1750,1850,1900
BHARUCH,GARLIC,1550,1550,1600
BHILODA,WHEAT,2411,2540,2780
BHILODA,MAIZE,2425,2425,2425
BHILODA,CASTOR SEED,6020,6020,6020
BODELI,COTTON,7001,7300,7401
CHIKHLI APMC,CHIKOOS,1800,2470,4290
CHOTILA APMC,COTTON,6500,6500,6750
CHOTILA APMC,CUMMIN,17500,17500,17500
CHOTILA APMC,WHEAT,2450,2450,2700
CHOTILA APMC,CHANA (BENGAL GRAM),4650,4650,4650
CHOTILA APMC,TURMERIC ATTU,6450,6450,6450
DHANERA,MUSTARD,5180,5250,5430
FATEHPURA APMC,CHANA (BENGAL GRAM) ,5310,5310,5310
HALVAD,CUMMIN,18596,19636,19656
IDAR APMC,CHANA (BENGAL GRAM),6900,10675,10845
JETPUR,WHEAT,2280,2510,2585
MAHEMDAVAD,WHEAT,2450,2450,2450
MAHUVA,ONION WHITE,2203,2262,2358
MAHUVA APMC GJ,POINTED GOURD (PARWAL),3400,3500,3500
MAHUVA APMC GJ,POINTED GOURD (PARWAL),3400,3450,3450
MAHUVA APMC GJ,LADY FINGER,2250,2250,2250
MORBI,CASTOR SEED,5800,5850,5850
MORBI,WHITE-GINGELY,8870,8870,8870
MORBI,COTTON,7225,7225,7225
MORBI,MUSTARD,5200,5200,5200
MORBI,CHANA (BENGAL GRAM) ,4950,4950,4950
PANTHAWADA,MUSTARD,5595,5595,5595
PAVI-JETPUR,COTTON,6540,6575,6780
PAVI-JETPUR,COTTON,6540,6575,6790
PORBANDAR,GROUND NUT,4210,4270,4270
PORBANDAR,CUMMIN,18350,19700,19700
PORBANDAR,WHEAT,2480,2480,2480
PORBANDAR,CORIANDAR,6485,6750,6750
SANAND,WHEAT,2255,2460,2805
SANAND,WHEAT,2255,2460,2805
SANJELI APMC,MAIZE,2550,2600,2600
SANJELI APMC,WHEAT,2400,2400,2450
SANJELI APMC,PADDY,2550,2550,2600
SANJELI APMC,CHANA (BENGAL GRAM),5200,5350,5350
SAVARKUNDLA,CHANA (BENGAL GRAM),5200,5295,5295
SIDDHPUR,CASTOR SEED,6300,6300,6300
VALSAD,CHIKOOS,2150,2250,2500
VISNAGAR,CASTOR SEED,6005,6070,6215
ADAMPUR,AMERICAN-COTTON,6750,7350,7401
ADAMPUR,AMERICAN-COTTON,6750,7350,7401
ADAMPUR,AMERICAN-COTTON,6750,7325,7401
ADAMPUR,GUAR SEEDS,4250,4920,4951
ADAMPUR,GUAR SEEDS,4250,4920,4951
ADAMPUR,BARLEY (JAU),1900,1950,1950
ADAMPUR,BARLEY (JAU),1900,1950,1950
ADAMPUR,BARLEY (JAU),1900,1950,1950
ADAMPUR,MUSTARD,5000,5630,5836
ADAMPUR,MUSTARD,5000,5630,5836
ADAMPUR,GUAR SEEDS,4250,4920,4951
BARWALA HISAR,BRINJAL,1000,1500,1500
BARWALA HISAR,APPLE,9000,9000,10000
BARWALA HISAR,CAPSICUM,2000,2000,2000
BARWALA HISAR,GRAPES,5000,6000,6500
BARWALA HISAR,CORIANDER LEAVES,1000,1000,1000
BARWALA HISAR,MANGO,7500,7500,7500
BARWALA HISAR,LADY FINGER,6000,6000,6000
BARWALA HISAR,PLUM,2400,2500,2500
BARWALA HISAR,POTATO,800,1000,1000
BARWALA HISAR,WATER MELON,1500,1500,1800
BARWALA HISAR,RADDISH,700,700,750
BARWALA HISAR,PEAS GREEN ,3000,3000,3000
BARWALA HISAR,TOMATO,800,800,8000
BARWALA HISAR,MUSTARD,5501,5700,5750
BARWALA HISAR,SWEET LEMON (MOSAMBI),3500,3500,3500
BARWALA HISAR,BOTTLE GOURD,1000,1000,1100
BARWALA HISAR,AMERICAN-COTTON,6411,7340,7485
BARWALA HISAR,AMERICAN-COTTON,6411,7340,7485
BARWALA HISAR,CABBAGE,700,700,800
BARWALA HISAR,CHIKOOS,4000,4000,4000
BARWALA HISAR,CAULIFLOWER,700,700,700
BARWALA HISAR,GUAVA,4000,5000,5000
BARWALA HISAR,CUCUMBER,1000,1000,1700
BARWALA HISAR,ORANGE,7000,7000,7000
BARWALA HISAR,ONION,1000,1000,1000
BARWALA HISAR,POMEGRANATE,11000,12000,12000
BARWALA HISAR,PUMPKIN,700,700,1000
BARWALA HISAR,MUSTARD,5501,5700,5750
BARWALA HISAR,SPINACH (PALAK),1000,1000,1000
BARWALA HISAR,GARLIC,7000,7000,7000
BARWALA HISAR,BITTER GOURD,2500,2500,2500
BARWALA HISAR,PADDY-BASMATI1121,3251,4100,4100
BARWALA HISAR,PADDY-BASMATI1121,3251,4100,4100
BARWALA PANCHKULA APMC,TOMATO,1000,1000,1000
BARWALA PANCHKULA APMC,BRINJAL,1000,1000,1200
BARWALA PANCHKULA APMC,CAPSICUM,2000,2000,2000
BARWALA PANCHKULA APMC,CAULIFLOWER,600,800,1000
BARWALA PANCHKULA APMC,FRENCH BEAN,4000,4000,4000
BARWALA PANCHKULA APMC,LADY FINGER,4000,4000,4000
BARWALA PANCHKULA APMC,ONION,1400,1500,1500
BARWALA PANCHKULA APMC,PUMPKIN,500,600,800
BARWALA PANCHKULA APMC,CORIANDAR,1000,1000,1000
BARWALA PANCHKULA APMC,SPINACH (PALAK),1000,1000,1000
BARWALA PANCHKULA APMC,BOTTLE GOURD,500,500,800
BARWALA PANCHKULA APMC,CABBAGE,400,400,500
BARWALA PANCHKULA APMC,CARROT,1200,1200,1200
BARWALA PANCHKULA APMC,CUCUMBER,1000,1000,1500
BARWALA PANCHKULA APMC,GREEN CHILLI,4000,5000,5000
BARWALA PANCHKULA APMC,LEMON,8000,8000,8000
BARWALA PANCHKULA APMC,POTATO,600,600,800
BARWALA PANCHKULA APMC,PEAS GREEN ,4000,4000,4000
BARWALA PANCHKULA APMC,RADDISH,500,500,500
BARWALA PANCHKULA APMC,GINGER,5000,5000,5000
CH DADRI,BARLEY (JAU),2071,2071,2071
CHHACHHRAULI,CABBAGE,600,600,600
CHHACHHRAULI,CUCUMBER,1200,1200,3000
CHHACHHRAULI,FENUGREEK (HARI METHI),1000,1000,1000
CHHACHHRAULI,POTATO,800,1500,1500
CHHACHHRAULI,RADDISH,800,800,800
CHHACHHRAULI,TOMATO,1000,1000,1200
CHHACHHRAULI,BOTTLE GOURD,500,700,700
CHHACHHRAULI,CAULIFLOWER,600,600,700
CHHACHHRAULI,GREEN CHILLI,4500,4500,4500
CHHACHHRAULI,ONION,1800,1800,2500
CHHACHHRAULI,PUMPKIN,600,600,700
CHHACHHRAULI,SPINACH (PALAK),600,600,600
DABWALI,CUCUMBER,700,1000,2500
DABWALI,GUAVA,3000,5582,5582
DABWALI,LEMON,15000,15000,15000
DABWALI,MANGO,9000,12577,12577
DABWALI,PUMPKIN,700,800,1465
DABWALI,PINE APPLE,2500,2500,2500
DABWALI,SPINACH (PALAK),600,600,600
DABWALI,GREEN GRAM,700,800,800
DABWALI,SQUASH,600,800,1000
DABWALI,GINGER,7375,7375,7375
DABWALI,TOMATO,900,1000,1347
DABWALI,CABBAGE,350,500,500
DABWALI,CARROT,500,600,600
DABWALI,BER,1800,2000,2500
DABWALI,CORIANDER LEAVES,1800,1800,1800
DABWALI,GRAPES,5000,7647,9000
DABWALI,GREEN CHILLI,2500,2500,4766
DABWALI,KINNOW,4000,4000,4000
DABWALI,POTATO,400,703,900
DABWALI,ORANGE,6000,6750,6750
DABWALI,RADDISH,800,800,800
DABWALI,MUSTARD,5395,5430,5785
DABWALI,SPRING ONION,1800,1800,1800
DABWALI,GARLIC,6000,6000,6000
DABWALI,TINDA,700,1200,1200
DABWALI,BRINJAL,1000,1200,1200
DABWALI,CAPSICUM,1500,1500,2366
DABWALI,APPLE,8000,15260,15260
DABWALI,CAULIFLOWER,500,600,1000
DABWALI,CHIKOOS,3500,3848,4000
ELLANABAD,CAPSICUM,1000,1300,2000
ELLANABAD,MANGO,10000,10000,10000
ELLANABAD,CORIANDER LEAVES,1200,1200,2000
ELLANABAD,MUSK MELON,800,800,800
ELLANABAD,GREEN CHILLI,2000,2000,3000
ELLANABAD,PINE APPLE,4500,4500,6000
ELLANABAD,ONION,1000,1000,1200
ELLANABAD,WATER MELON,1100,1500,2000
ELLANABAD,PUMPKIN,600,700,700
ELLANABAD,GREEN GRAM LOCAL,900,900,3000
ELLANABAD,TOMATO,700,1000,1600
ELLANABAD,GINGER,4000,4000,4200
ELLANABAD,AMERICAN-COTTON,7400,7400,7410
ELLANABAD,BOTTLE GOURD,500,800,1600
ELLANABAD,BANANA,3000,3300,3300
ELLANABAD,CABBAGE,400,400,1500
ELLANABAD,GRAPES,5000,5500,6500
ELLANABAD,CAULIFLOWER,600,1200,2000
ELLANABAD,MANGO RAW,5000,5000,5000
ELLANABAD,CUCUMBER,1000,1500,2000
ELLANABAD,PAPAYA,3000,3000,3000
ELLANABAD,LEMON,6000,6000,7000
ELLANABAD,POMEGRANATE,9000,9000,9000
ELLANABAD,POTATO,400,600,700
ELLANABAD,GUAR SEEDS,4595,4595,4595
ELLANABAD,TINDA,1500,1500,1500
ELLANABAD,GARLIC,4500,4500,7000
ELLANABAD,BARLEY (JAU),1890,1983,1992
ELLANABAD,SWEET LEMON (MOSAMBI),4500,4500,4500
ELLANABAD,APPLE,10000,10000,10000
ELLANABAD,BRINJAL,2500,2500,2500
ELLANABAD,CHIKOOS,3500,3500,3500
FATEHABAD,MUSTARD WHITE SEEDS,5870,5870,5870
FATEHABAD,MUSTARD WHITE SEEDS,5870,5870,5870
GURGAON,APPLE,7500,8655,9000
GURGAON,ONION,1655,1856,2000
GURGAON,GRAPES,5655,7000,7000
GURGAON,TOMATO,1255,1255,1255
GURGAON,MUSK MELON,2000,2000,2000
GURGAON,POMEGRANATE,6000,6000,8655
GURGAON,BITTER GOURD,2655,2655,3000
GURGAON,BOTTLE GOURDE,1000,1100,1100
GURGAON,CABBAGE,955,955,955
GURGAON,CAULIFLOWER,865,1200,1200
GURGAON,BHINDI (LADIES FINGER),3000,3000,3000
GURGAON,BANANA,2022,2022,2022
GURGAON,POTATO,1100,1255,1258
GURGAON,MANGO,9500,9500,9500
GURGAON,ORANGE,5000,5000,5655
GURGAON,WATER MELON,1258,1455,1455
GURGAON,BOTTLE GOURD,1255,1255,1255
GURGAON,BRINJAL,1600,1600,1600
GURGAON,CAPSICUM,2855,3000,3000
GURGAON,CUCUMBER,1000,1655,1655
HANSI,BITTER GOURD,3000,4000,5000
HANSI,SPINACH (PALAK),1000,1500,1500
HANSI,CHIKOOS,3000,3000,8000
HANSI,BRINJAL,1000,1000,1500
HANSI,TOMATO,1000,1000,1500
HANSI,GUAVA,5000,5000,5000
HANSI,CAPSICUM,2000,3000,3000
HANSI,MANGO RAW,8000,8000,8000
HANSI,CAULIFLOWER,400,800,800
HANSI,ORANGE,6000,6000,8000
HANSI,CUCUMBER,1000,1000,2500
HANSI,POMEGRANATE,10000,12000,12000
HANSI,LADY FINGER,6000,7000,8000
HANSI,MUSTARD,5500,5500,5660
HANSI,ONION,1500,1500,2500
HANSI,MUSTARD,5500,5500,5660
HANSI,GARLIC,6000,6000,10000
HANSI,PUMPKIN,800,1500,1500
HANSI,PADDY-BASMATI1121,4100,4120,4120
HANSI,MOUSAMBI,3000,3500,3500
HANSI,RIDGE GOURD (TURAI),4000,4000,4000
HANSI,BER,1500,2500,3500
HANSI,BOTTLE GOURD,1000,1000,1500
HANSI,TINDA,400,500,600
HANSI,GRAPES,6000,8000,10000
HANSI,CABBAGE,400,400,600
HANSI,MANGO,9000,9000,10000
HANSI,CARROT,1000,1000,1000
HANSI,MUSK MELON,3000,3000,5000
HANSI,ARBI (COLACASIA),10000,10000,10000
HANSI,PINE APPLE,3500,3500,3500
HANSI,FRENCH BEAN,6000,6000,6000
HANSI,WATER MELON,2000,2000,2500
HANSI,LEMON,6000,7000,10000
HANSI,PEAS GREEN ,3000,3000,3500
HANSI,POTATO,1000,1000,3500
HANSI,GINGER,4000,5000,6000
HANSI,RADDISH,2000,2000,2000
HANSI,APPLE,10000,10000,12000
HISAR APMC,COTTON,7300,7300,7300
JAGADHRI APMC,ORANGE,3800,3800,4200
JAGADHRI APMC,PEAS GREEN ,2500,3300,3300
JAGADHRI APMC,CABBAGE,200,200,200
JAGADHRI APMC,CUCUMBER,1000,1500,1500
JAGADHRI APMC,ONION,1570,1800,1955
JAGADHRI APMC,PUMPKIN,600,600,600
JAGADHRI APMC,BANANA,2200,2200,2200
JAGADHRI APMC,MANGO,7000,7000,7000
JAGADHRI APMC,WATER MELON,1200,1200,1200
JAGADHRI APMC,BOTTLE GOURD,500,800,800
JAGADHRI APMC,CARROT,1400,1400,1400
JAGADHRI APMC,LEMON,6300,6300,6300
JAGADHRI APMC,POTATO,620,800,890
JAGADHRI APMC,TOMATO,590,805,1000
JAGADHRI APMC,APPLE,8500,8500,8500
JAGADHRI APMC,GRAPES,3500,3500,3500
JIND,MUSTARD,5200,5545,5950
JULANA,PADDY-BASMATI1121,2500,2730,4050
KARNAL,GRAPES,6000,6000,6000
KARNAL,GREEN CHILLI,4200,5000,5000
KARNAL,MANGO,9000,9000,9000
KARNAL,ONION,2000,2000,2000
KARNAL,WATER MELON,1500,2200,2200
KARNAL,POTATO,600,600,800
KARNAL,PEAS GREEN ,1400,2000,3000
KARNAL,RADDISH,900,1000,1000
KARNAL,GARLIC,4500,9000,10000
KARNAL,TOMATO,500,600,900
KARNAL,BOTTLE GOURD,900,1200,1200
KARNAL,CABBAGE,395,400,400
KARNAL,CARROT,850,1000,1000
KARNAL,BANANA,2200,3000,3000
KARNAL,CUCUMBER,1200,1800,1800
KARNAL,GUAVA,5000,5000,5000
KARNAL,FENUGREEK (HARI METHI),950,1000,1000
KARNAL,ORANGE,7000,7000,7000
KARNAL,ONION WHITE,1400,1400,1400
KARNAL,MUSTARD,5000,5000,5550
KARNAL,PUMPKIN,800,800,800
KARNAL,CORIANDAR,1300,1400,1400
KARNAL,SPINACH (PALAK),500,600,600
KARNAL,BITTER GOURD,900,900,1200
KARNAL,BRINJAL,900,1000,1000
KARNAL,CAPSICUM,1200,2000,2000
KARNAL,CAULIFLOWER,520,600,900
PANIPAT,CAULIFLOWER,450,650,700
PANIPAT,CUCUMBER,550,700,700
PANIPAT,LADY FINGER,650,750,750
PANIPAT,MANGO,5500,5500,5500
PANIPAT,APPLE -RICH RED LARGE,3500,3500,3500
PANIPAT,POTATO,800,850,1200
PANIPAT,ORANGE,1500,1500,1500
PANIPAT,BER,800,900,1000
PANIPAT,RADDISH,650,650,650
PANIPAT,PEAS GREEN ,600,700,700
PANIPAT,SPONGE GOURD,600,600,600
PANIPAT,BOTTLE GOURD,550,650,650
PANIPAT,TINDA,650,700,700
PANIPAT,CABBAGE,500,500,650
PANIPAT,CARROT,750,750,750
PANIPAT,ARBI (COLACASIA),650,650,650
PANIPAT,GREEN CHILLI,700,700,700
PANIPAT,GRAPES,1200,1200,1500
PANIPAT,ONION,800,800,800
PANIPAT,MUSK MELON,900,900,1000
PANIPAT,BANANA,2100,2200,2400
PANIPAT,PUMPKIN,600,700,700
PANIPAT,WATER MELON,800,850,1000
PANIPAT,SPINACH (PALAK),400,400,450
PANIPAT,BITTER GOURD,550,650,650
PANIPAT,SPRING ONION,650,650,650
PANIPAT,BRINJAL,600,650,650
PANIPAT,TOMATO,300,450,450
PANIPAT,CAPSICUM,600,600,650
PEHOWA,PUMPKIN,1300,1300,1300
PEHOWA,ORANGE,6000,6000,6000
PEHOWA,CAULIFLOWER,500,500,1300
PEHOWA,TOMATO,1500,1600,1600
PEHOWA,CARROT,1500,1500,1500
PEHOWA,POTATO,410,415,420
PEHOWA,TOMATO,1500,1500,1600
PEHOWA,APPLE -RICH RED LARGE,8000,8000,8000
PEHOWA,PEAS GREEN ,1800,1800,1800
PEHOWA,ONION,1600,1600,1700
PEHOWA,CAULIFLOWER,500,500,1300
PUNDRI,PEAS GREEN ,3000,3000,3200
PUNDRI,CABBAGE,400,500,500
PUNDRI,BANANA AMRUTHAPANI,2300,2300,2300
PUNDRI,CAULIFLOWER,500,600,600
PUNDRI,CABBAGE,500,500,500
PUNDRI,FENUGREEK (HARI METHI),1000,1100,1200
PUNDRI,CAULIFLOWER,600,600,600
PUNDRI,SPINACH (PALAK),800,800,800
PUNDRI,FENUGREEK (HARI METHI),1100,1200,1200
PUNDRI,POTATO SWEET,500,500,600
PUNDRI,TOMATO,500,500,600
PUNDRI,BANANA AMRUTHAPANI,2300,2400,2500
PUNDRI,GRAPES,4500,4500,4500
PUNDRI,POMEGRANATE,9000,9000,9000
PUNDRI,BOTTLE GOURD,900,900,900
PUNDRI,CAPSICUM,1200,1300,1300
PUNDRI,BER,1200,1200,1200
PUNDRI,CUCUMBER,1000,1000,1100
PUNDRI,CAPSICUM,1200,1200,1200
PUNDRI,ONION,1500,1800,1800
PUNDRI,CUCUMBER,1100,1100,1100
PUNDRI,SQUASH,800,800,800
PUNDRI,SPINACH (PALAK),800,800,800
PUNDRI,APPLE,9500,9500,9500
PUNDRI,TOMATO,500,600,600
PUNDRI,CHIKOOS,3500,3500,3500
PUNDRI,ORANGE,4000,4000,4000
ROHTAK,BROCCOLI,1200,1200,1200
ROHTAK,SPRING ONION,1000,1000,1000
ROHTAK,MANGO,7000,7000,7000
ROHTAK,CAPSICUM,1500,1500,1500
ROHTAK,TOMATO,300,700,1000
ROHTAK,CAULIFLOWER,300,400,600
ROHTAK,ORANGE,1500,4000,4000
ROHTAK,CORIANDER LEAVES,700,1500,1500
ROHTAK,PINE APPLE,2500,2500,3500
ROHTAK,LADY FINGER,1500,1500,1500
ROHTAK,PEAS GREEN ,3000,3000,3000
ROHTAK,FENUGREEK (HARI METHI),800,800,800
ROHTAK,GINGER,1000,1000,5000
ROHTAK,POTATO,500,700,900
ROHTAK,APPLE,8000,8000,10000
ROHTAK,BITTER GOURD,1000,3000,3000
ROHTAK,RADDISH,300,500,500
ROHTAK,BER,500,500,2000
ROHTAK,BRINJAL,1000,1000,1500
ROHTAK,SPONGE GOURD,2500,2500,2500
ROHTAK,GUAVA,800,800,1000
ROHTAK,CABBAGE,300,300,500
ROHTAK,TINDA,500,600,1000
ROHTAK,CARROT,300,400,400
ROHTAK,MUSK MELON,1500,1500,3000
ROHTAK,ARBI (COLACASIA),3500,3500,3500
ROHTAK,PEAR,10000,10000,10000
ROHTAK,CUCUMBER,300,800,1000
ROHTAK,WATER MELON,1000,1200,1500
ROHTAK,LEMON,3000,3000,6000
ROHTAK,GARLIC,4000,4000,4000
ROHTAK,ONION,800,800,800
ROHTAK,BEETROOT,700,700,700
ROHTAK,PUMPKIN,300,300,3000
ROHTAK,BANANA,2000,2000,2000
ROHTAK,BOTTLE GOURD,500,500,700
ROHTAK,SPINACH (PALAK),400,400,1000
ROHTAK,GRAPES,1500,3500,3500
SAFIDON,MUSTARD,5573,5821,6925
SAFIDON,PADDY-BASMATI1121,5719,5719,5719
SHAHZADPUR APMC,TOMATO,800,800,1000
SHAHZADPUR APMC,BOTTLE GOURD,600,700,700
SHAHZADPUR APMC,CARROT,1000,1000,1000
SHAHZADPUR APMC,CUCUMBER,750,1200,1200
SHAHZADPUR APMC,ONION,1000,1000,1500
SHAHZADPUR APMC,PUMPKIN,600,600,600
SHAHZADPUR APMC,PEAS GREEN ,2000,2000,4000
SHAHZADPUR APMC,CAPSICUM,1500,1500,1500
SHAHZADPUR APMC,CAULIFLOWER,500,500,1000
SHAHZADPUR APMC,GREEN CHILLI,2000,2000,5000
SHAHZADPUR APMC,POTATO,800,1000,1000
SIRSA,AMERICAN-COTTON,7200,7500,7515
SIWANI,GUAR SEEDS,5100,5100,5100
SIWANI,AMERICAN-COTTON,7100,7160,7300
SONEPAT,PADDY-BASMATI1121,2801,3221,4025
TAURU APMC,BAJRA,2200,2300,23500
TAURU APMC,WHEAT,4800,4800,5400
TAURU APMC,BARLEY (JAU),2001,2001,2001
TAURU APMC,MUSTARD,4750,5300,5750
UCHANA,BARLEY (JAU),1745,2000,2000
UCHANA,MUSTARD,5410,5805,5850
UCHANA,BARLEY (JAU),1745,2000,2000
UCHANA,MUSTARD,5410,5805,5850
UCHANA,COTTON,6705,7295,7370
UCHANA,COTTON,6705,7295,7370
UKLANA APMC,AMERICAN-COTTON,7000,7160,7320
UKLANA APMC,AMERICAN-COTTON,6770,7300,7370
UKLANA APMC,MUSTARD,5570,5820,6085
UKLANA APMC,PADDY-BASMATI1121,2550,4011,4011
UKLANA APMC,MUSTARD,5505,5820,6085
BHUNTAR,SPINACH (PALAK),1900,1900,1900
BHUNTAR,PEAS GREEN ,3900,4100,4100
BHUNTAR,CORIANDER LEAVES,2400,2900,2900
BHUNTAR,CAULIFLOWER,700,700,700
FRUIT MANDI SOLAN,PEAS GREEN ,4200,4200,4200
HAMIRPUR,CAULIFLOWER,1600,1600,1600
HAMIRPUR,BOTTLE GOURD,1500,1500,1500
HAMIRPUR,RADDISH,1300,1300,1300
KANGRA,BANANA,4500,4500,4500
KANGRA,POMEGRANATE,12000,12000,12000
KANGRA,BRINJAL,2000,2000,2000
KANGRA,CUCUMBER,2000,2000,2000
KANGRA,MANGO,12000,12000,12000
KANGRA,SWEET LEMON (MOSAMBI),4500,4500,4500
KANGRA,CAPSICUM,3000,3000,3000
KANGRA,TOMATO,1800,1800,1800
PALAMPUR,POTATO,1000,1000,1000
PALAMPUR,BRINJAL,2200,2200,2200
PALAMPUR,CUCUMBER,2200,2200,2200
PALAMPUR,PEAS GREEN ,4045,4045,4045
PALAMPUR,ONION,2400,2400,2400
PALAMPUR,TOMATO,1400,1400,1400
PALAMPUR,BOTTLE GOURD,1600,1600,1600
PALAMPUR,CAPSICUM,2800,2800,2800
PALAMPUR,BHINDI (LADIES FINGER),5500,5500,5500
PALAMPUR,GARLIC,10000,10000,10000
TAKOLI,PEAS GREEN ,3000,3500,4000
UNA,GRAPES,8000,8000,8000
UNA,POMEGRANATE,14000,14000,14000
UNA,BRINJAL,2200,2200,2200
UNA,CAPSICUM,2200,2200,2200
UNA,CUCUMBER,1600,1800,2000
UNA,ONION,2500,2500,2500
UNA,PUMPKIN,1500,1600,1600
UNA,APPLE-RED ROYAL MEDIUM,18000,18000,18000
UNA,ORANGE,8000,8000,8000
UNA,BOTTLE GOURD,1600,1800,2000
UNA,CABBAGE,600,600,600
UNA,CAULIFLOWER,800,800,800
UNA,LADY FINGER,8000,8000,8000
UNA,POTATO,1000,1000,1000
UNA,TOMATO,1800,1800,1800
KATHUA,BITTER GOURD,4250,4250,4250
KATHUA,BHINDI (LADIES FINGER),5250,5250,5250
KATHUA,ONION,1750,1750,1750
KATHUA,GARLIC,4250,4250,4250
KATHUA,BRINJAL,2100,2100,2100
KATHUA,LEMON,6500,6500,6500
PHALAYANA,ORANGE,7000,7000,7000
PHALAYANA,PINE APPLE,6000,6000,6000
PHALAYANA,ONION RED,2500,2500,2500
PHALAYANA,PAPAYA,5000,5000,5000
PHALAYANA,BITTER GOURD,6000,6000,6000
UDHAMPUR,CHILLI-DESI,4500,4500,4500
UDHAMPUR,CAPSICUM,2500,2500,2500
UDHAMPUR,CAULIFLOWER,1000,1000,1000
UDHAMPUR,RADDISH,700,700,700
UDHAMPUR,PEAS GREEN ,3500,3500,3500
UDHAMPUR,CABBAGE,700,700,700
UDHAMPUR,CARROT,1500,1500,1500
UDHAMPUR,BEANS -CLUSTER,3200,3200,3200
UDHAMPUR,SPINACH (PALAK),1800,1800,1800
APMC CHINCHOLI,TUR/ARHAR,7000,7100,7200
BERASIA,SOYABEANS,3030,4120,4180
BERASIA,WHEAT,2040,2100,3085
DABRA,PEAS GREEN ,4500,4650,4730
DABRA,CHANA (BENGAL GRAM),5400,5640,5700
INDORE,CHANA BENGAL GRAM-DOLLAR,7650,8600,10065
PIPARIYA,ARHAR WHOLE / TUR (RED GRAM),4000,6860,6990
PIPARIYA,GREEN GRAM,5112,7070,7311
PIPARIYA,WHEAT,2365,2426,2496
PIPARIYA,CHANA (BENGAL GRAM)-DESI,5275,5503,5740
PIPARIYA,PADDY,2713,2905,6612
AATPADI,POMEGRANATE - BHAGAWA,15,57,95
AATPADI,POMEGRANATE - BHAGAWA,24,57,95
AHMEDNAGAR,MAIZE,2325,2325,2365
AHMEDNAGAR,TUR/ARHAR,7175,7240,7240
AHMEDNAGAR,JOWAR,3770,3770,3770
AHMEDNAGAR,WHEAT,2680,2760,2890
AHMEDNAGAR,CHANA (BENGAL GRAM),5165,5165,5211
AHMEDNAGAR,BAJRA,2900,2900,2900
BEED,JOWAR,2510,2510,2510
BEED,SOYABEANS,5505,5505,5505
BEED,WHEAT,2310,2655,2840
CHANDRAPUR,SOYABEANS,3800,3980,3980
INDAPUR,JOWAR,3251,3251,3251
JALGAON,CHANA GULABI,9600,9600,9600
JALGAON,JOWAR-WHITE,2900,3700,3700
JALNA,CHANA (BENGAL GRAM) ,5470,5600,5600
JUNNAR,ONION,900,1400,16000
KARAD,JAGGERY,3650,3650,4710
KATOL,SOYABEANS,3870,3911,4300
KATOL,WHEAT,2520,2551,2600
KATOL,TUR/ARHAR,6840,6841,7181
PARBHANI,CHANA (BENGAL GRAM),5280,5365,5415
SANGOLA,POMEGRANATE,5214,6125,6521
SHIRUR,TAMARIND,2800,3100,3100
SHIRUR,TUR/ARHAR,5000,5000,5700
SHIRUR,MAIZE-NEW,2150,2200,2275
SHIRUR,SOYABEANS,4000,4000,4200
TULJAPUR,SOYABEANS,4600,4600,4600
TULJAPUR,JOWAR,3210,3210,3320
TUMSAR,PADDY,2410,2414,2621
VANI,SOYABEANS,1500,4195,4360
VANI,CHANA (BENGAL GRAM),5205,5545,5565
VANI,TUR/ARHAR,6800,7135,7275
GHATASHI,BANANA,3500,3500,3500
KOHIMA APMC,GARLIC,30155,30155,30155
MANGKOLEMBA,TAPIOCA,3000,3000,3000
MOKOKCHUNG APMC,PUMPKIN,5000,5000,5000
MON APMC,COLOCASIA VEGETABLE,2300,2300,2300
PFUTSERO APMC,TOMATO,4000,4000,4000
WOKHA APMC,POTATO,3000,3000,3000
ANANDAPUR,PUMPKIN,700,700,700
HINJILICUT,CAULIFLOWER,1600,1700,1700
HINJILICUT,PUMPKIN,900,950,950
HINJILICUT,CARROT,2500,2500,2500
HINJILICUT,ONION,2200,2200,2200
JALESWAR,PAPAYA,1500,1500,1500
JALESWAR,BEETROOT,3200,3200,3200
JALESWAR,CAULIFLOWER,1200,1200,1200
JALESWAR,PUMPKIN,1300,1300,1300
JALESWAR,JACK FRUIT,1800,1800,1800
JALESWAR,WATER MELON,1500,1500,1500
JALESWAR,BRINJAL,2500,2500,2500
JALESWAR,CUCUMBER,1800,1800,1800
KEONJHAR,JACK FRUIT,1900,1900,1900
KEONJHAR,WATER MELON,1100,1100,1100
KARAIKAL,PADDY(75 KG),5000,5000,5000
THATTANCHAVADY,PADDY PONNI WHITE(TN),1916,1946,1946
THATTANCHAVADY,MOTH ,2777,8299,8399
THATTANCHAVADY,URAD (BLACK GRAM),5899,6589,7657
THATTANCHAVADY,GROUNDNUT PODS_40 KG(TN),6048,6588,6588
THATTANCHAVADY,GREEN GRAM,7377,7377,7377
BARNALA,POTATO,350,350,450
FATHEGARH SAHIB,POTATO,600,700,874
FATHEGARH SAHIB,PEAS GREEN ,2884,3000,3000
FAZILKA,POTATO,500,500,1000
JALANDHAR,POTATO,150,360,540
JALANDHAR,POTATO,150,360,540
JALANDHAR,PEAS GREEN ,1400,1500,2000
JALANDHAR,PEAS GREEN ,1400,1500,2000
JALANDHAR,POTATO,150,360,540
MANSA,COTTON,7045,7150,7350
PATIALA,POTATO,800,800,800
SANGRUR,POTATO,700,700,700
AABU ROAD,SPRING ONION,1200,1200,1200
AABU ROAD,TOMATO,600,600,600
AABU ROAD,MARI GOLD,1000,1000,1000
AABU ROAD,PEAS GREEN ,4300,4500,4500
AABU ROAD,PEAS GREEN ,4300,4500,4500
AABU ROAD,CORIANDAR,2200,2200,2200
AABU ROAD,GARLIC,3100,3100,3100
AABU ROAD,BOTTLE GOURD,400,500,600
AABU ROAD,BRINJAL,500,500,500
AABU ROAD,CABBAGE,700,700,700
AABU ROAD,CAULIFLOWER,1200,1200,1200
AABU ROAD,CUCUMBER,2200,2200,2200
AABU ROAD,FENUGREEK (HARI METHI),1000,1000,1000
AABU ROAD,MINT LEAVES,2000,2000,2000
AABU ROAD,ONION,2000,2000,2000
AABU ROAD,SPINACH (PALAK),500,500,700
AABU ROAD,TOMATO,600,600,600
AABU ROAD,TINDA,3000,3000,3000
AABU ROAD,WATER MELON,1500,1500,1500
AABU ROAD,CHILLIES,2500,2500,2500
AABU ROAD,CORIANDAR,2200,2200,2200
AABU ROAD,BITTER GOURD,2500,2500,2500
AABU ROAD,BEETROOT,800,800,800
AABU ROAD,BRINJAL,500,500,500
AABU ROAD,CABBAGE,700,700,700
AABU ROAD,CAULIFLOWER,1200,1200,1200
AABU ROAD,LADY FINGER,4200,4200,4200
AABU ROAD,LADY FINGER,4200,4200,4200
AABU ROAD,MINT LEAVES,2000,2000,2000
AABU ROAD,POTATO,1100,1100,1100
AABU ROAD,SPINACH (PALAK),500,500,700
ALWAR,MUSTARD,5250,5700,5850
ANOOPGARH,WHEAT,2461,2461,2461
ANOOPGARH,MUSTARD,4913,5471,5730
ANOOPGARH,BARLEY (JAU),1700,1851,1890
ANOOPGARH,COTTON,7000,7025,7465
ANOOPGARH,GUAR SEEDS,4900,5100,5460
BARAN,CORIANDAR,6472,6472,6472
BARMER,CHILLI NS 250 BULLET,4012,4012,4012
BARMER,CABBAGE,2512,2512,2512
BARMER,CAULIFLOWER,2815,2815,2815
BARMER,LADY FINGER,3820,3820,3820
BARMER,BANANA,3021,3021,3021
BARMER,GRAPES,7012,7012,7012
BARMER,PAPAYA,4012,4012,4012
BARMER,BRINJAL,2512,2512,2512
BARMER,CAPSICUM,4021,4021,4021
BARMER,CUCUMBER,3215,3215,3215
BARMER,TOMATO,3526,3526,3526
BARMER,APPLE,9021,9021,9021
BARMER,CHIKOOS,4025,4025,4025
BARMER,MANGO,2514,2514,2514
BEAWAR,BARLEY (JAU),2005,2012,2025
BEAWAR,ISABGOL,11189,11189,11189
BEAWAR,CHANA (BENGAL GRAM),5332,5998,5998
BEAWAR,WHEAT,2885,2885,3323
BEAWAR,MUSTARD,5449,5485,5489
BEAWAR,GUAR SEEDS,4689,4699,4699
BHADRA,MUSTARD SEED,5301,5560,5601
BHADRA,GUAR SEEDS,4660,5030,5030
BHINMAL,WATER MELON,1400,1400,1400
BHINMAL,CABBAGE,1400,1400,1400
BHINMAL,CUCUMBER,1000,1000,1400
BHINMAL,BHINDI (LADIES FINGER),2200,2200,2200
BHINMAL,POTATO,1400,1400,1600
BHINMAL,MUSK MELON,1600,1600,1600
BHINMAL,BOTTLE GOURD,500,800,800
BHINMAL,CAULIFLOWER,600,600,800
BHINMAL,GREEN CHILLI,1400,1600,1800
BHINMAL,ONION,2200,2600,2600
BHINMAL,TOMATO,600,700,700
BIJAY NAGAR,BARLEY (JAU),1745,1965,2365
BIJAY NAGAR,APPLE,8000,8000,8000
BIJAY NAGAR,ORANGE,2000,2000,2000
BIJAY NAGAR,WATER MELON,2000,2000,2000
BIJAY NAGAR,TARAMIRA,4652,4652,4852
BIJAY NAGAR,URAD (BLACK GRAM),6241,6254,6852
BIJAY NAGAR,POTATO,2000,2000,2000
BIJAY NAGAR,BARLEY (JAU),1855,1855,2145
BIJAY NAGAR,BAJRA,2100,2100,2100
BIJAY NAGAR,WHEAT,2225,2475,2633
BIJAY NAGAR,BANANA,2000,2000,2000
BIJAY NAGAR,PAPAYA,2000,2000,2000
BIJAY NAGAR,MUSTARD,4485,4852,5744
BIJAY NAGAR,CHANA (BENGAL GRAM),4152,4852,4985
BIJAY NAGAR,ONION RED,2000,2000,2000
BIJAY NAGAR,TOMATO,500,500,2000
BIJAY NAGAR,MUSTARD,4485,4852,5744
BIKANER F AND V,POINTED GOURD (PARWAL),1000,1000,1000
BIKANER F AND V,APPLE,7000,7000,7000
BIKANER F AND V,BITTER GOURD,950,1000,1000
BIKANER F AND V,PUMPKIN,1175,1185,1200
BIKANER F AND V,CHIKOOS,3970,3985,4000
BIKANER F AND V,BRINJAL,1590,1600,1600
BIKANER F AND V,SPRING ONION,1000,1000,1000
BIKANER F AND V,JACK FRUIT,1000,1000,1000
BIKANER F AND V,CAPSICUM,2990,2990,3000
BIKANER F AND V,TOMATO,955,960,1000
BIKANER F AND V,MANGO,9900,9900,10000
BIKANER F AND V,BEANS -CLUSTER,5470,5500,5500
BIKANER F AND V,MUSK MELON,2475,2480,2500
BIKANER F AND V,CUCUMBER,1560,1590,1600
BIKANER F AND V,PAPAYA,2900,2900,2900
BIKANER F AND V,GREEN CHILLI,1950,1970,2000
BIKANER F AND V,POMEGRANATE,6400,6400,6400
BIKANER F AND V,LEMON,4990,5000,5000
BIKANER F AND V,GINGER,4800,4800,4800
BIKANER F AND V,ONION,1210,1255,1300
BIKANER F AND V,COCONUT,44,44,50
BIKANER F AND V,BEETROOT,2000,2000,2000
BIKANER F AND V,POTATO,1150,1200,1200
BIKANER F AND V,BANANA,2890,2900,2900
BIKANER F AND V,BOTTLE GOURD,1170,1200,1200
BIKANER F AND V,RIDGE GOURD (TURAI),2975,2975,3000
BIKANER F AND V,GRAPES,4960,4995,5000
BIKANER F AND V,CABBAGE,895,895,900
BIKANER F AND V,TINDA,1385,1390,1400
BIKANER F AND V,KIWI FRUIT,3000,3000,3000
BIKANER F AND V,CAULIFLOWER,790,795,800
BIKANER F AND V,MANGO RAW,2490,2500,2500
BIKANER F AND V,CORIANDER LEAVES,2795,2800,2800
BIKANER F AND V,ORANGE,4000,4000,4000
BIKANER F AND V,GHERKIN,1370,1370,1400
BIKANER F AND V,PINE APPLE,4470,4490,4500
BIKANER F AND V,BHINDI (LADIES FINGER),3990,3995,4000
BIKANER F AND V,WATER MELON,1080,1095,1100
BIKANER F AND V,MINT LEAVES,2500,2500,2500
BIKANER F AND V,MOUSAMBI,3065,4000,4000
BIKANER GRAIN,GROUND NUT,4901,4951,5000
BIKANER GRAIN,CHANA (BENGAL GRAM)-DESI,5291,5291,5291
BIKANER GRAIN,WHEAT,2640,2640,2640
BIKANER GRAIN,GROUND NUT,4901,4951,7000
BIKANER GRAIN,CUMMIN,12375,19225,19425
BIKANER GRAIN,BARLEY (JAU),1990,1990,2080
BIKANER GRAIN,MUSTARD,5301,5725,5725
BIKANER GRAIN,BARLEY (JAU),1954,1990,2080
BIKANER GRAIN,ISBGOL (PSYLLIUM HUSK) ,11700,12575,12575
BIKANER GRAIN,MUSTARD,4891,5771,5771
CHOMU F AND V,BHINDI (LADIES FINGER),5010,5015,5020
CHOMU F AND V,ONION,1510,1527,1530
CHOMU F AND V,RADDISH,720,720,720
CHOMU F AND V,TINDA,1010,1010,1025
CHOMU F AND V,WATER MELON,1515,1520,1520
CHOMU F AND V,GARLIC,6010,6018,6020
CHOMU F AND V,BOTTLE GOURD,1310,1310,1320
CHOMU F AND V,CABBAGE,505,515,533
CHOMU F AND V,CUCUMBER,1510,1520,1564
CHOMU F AND V,LEMON,7050,7050,9025
CHOMU F AND V,PUMPKIN,810,813,820
CHOMU F AND V,SPONGE GOURD,3515,3515,3520
CHOMU F AND V,KARBUJA,2510,2515,2530
CHOMU F AND V,TOMATO,810,813,837
CHOMU F AND V,CHILLIES,2505,2644,2652
CHOMU F AND V,GINGER,3710,3710,3720
CHOMU F AND V,BRINJAL,1310,1315,1315
CHOMU F AND V,CAULIFLOWER,910,1013,1024
CHOMU GRAIN,MUSTARD,5400,5588,6400
CHOMU GRAIN,BARLEY (JAU),2010,2050,2089
CHOMU GRAIN,BARLEY (JAU),1780,2197,2197
CHOMU GRAIN,GUAR SEEDS,4750,4800,4900
CHOMU GRAIN,BARLEY (JAU),1780,2048,2118
CHOMU GRAIN,BAJRA,2250,2250,2250
CHOMU GRAIN,MUSTARD,5400,5570,6400
CHURU,ONION,1200,1700,1700
CHURU,TOMATO,900,1050,1100
CHURU,POTATO,950,1000,1050
DOONI,BARLEY (JAU),1940,1950,1980
DOONI,WHEAT,2340,2450,2450
DOONI,CHANA (BENGAL GRAM),5000,5140,5775
DOONI,BAJRA,2280,2290,2290
DOONI,JOWAR,4540,4540,4540
DOONI,MUSTARD,5490,5700,5950
GANGAPUR CITY,MUSTARD,5543,5900,6181
GANGAPUR CITY,MUSTARD,5478,5900,6181
GANGAPUR CITY,WHEAT,2375,2426,2453
GANGAPUR CITY,WHEAT,2375,2426,2453
GOLUWALA,AMERICAN-COTTON,6500,7200,7200
GOLUWALA,GUAR SEEDS,5040,5060,5060
GOLUWALA,BARLEY (JAU),1775,1880,1946
GOLUWALA,MUSTARD,5300,5519,5739
GUDA GODJI,BARLEY (JAU),1900,1950,2050
GUDA GODJI,MASOOR,5700,5700,6300
GUDA GODJI,MASOOR,5700,5750,6300
GUDA GODJI,BARLEY (JAU),1900,1950,2050
HANUMANGARH,COTTON,7414,7521,7521
HANUMANGARH,MUSTARD,5251,5524,5596
HANUMANGARH,BARLEY (JAU),1521,1916,1947
HANUMANGARH TOWN,BARLEY (JAU),1783,1851,1982
HANUMANGARH TOWN,MUSTARD,5204,5507,5881
HANUMANGARH TOWN,COTTON,7300,7300,7340
HANUMANGARH TOWN,GUAR SEEDS,4921,4921,4921
JAIPUR GRAIN,BARLEY (JAU),2180,2180,2195
JAIPUR GRAIN,CHANA (BENGAL GRAM),4900,4900,4900
JAITSAR,MUSTARD,5304,5304,5304
JHALRAPATAN,SOYABEANS,3730,3871,4026
JHALRAPATAN,MASOOR,5790,5886,5966
JHALRAPATAN,FENUGREEK (WHOLE),4331,4598,4598
JHALRAPATAN,BARLEY (JAU),1875,1875,1875
JHALRAPATAN,MUSTARD,5360,5425,5425
JHALRAPATAN,CHANA (BENGAL GRAM),4500,4900,4950
JHALRAPATAN,CORIANDAR,4500,7600,10701
JHALRAPATAN,LINSEED,5300,5300,5675
JHUNJHUNU,MUSTARD,5475,5600,5600
JHUNJHUNU,BARLEY (JAU),2050,2050,2080
KESHORAIPATAN,WHEAT,2425,2425,2430
KHAIRTHAL,WHEAT,2650,2650,2650
KHAIRTHAL,MUSTARD,3441,5408,6376
KHAIRTHAL,BARLEY (JAU),1950,1950,1950
KHAIRTHAL,BAJRA,2300,2350,2371
KHAIRTHAL,COTTON,7120,7120,7120
KHAIRTHAL,COTTON,7120,7120,7120
KHAIRTHAL,BARLEY (JAU),1950,1950,1950
KHAIRTHAL,COTTON,7120,7120,7120
KHAIRTHAL,BAJRA,2300,2350,2371
KHAIRTHAL,WHEAT,2650,2650,2650
KHAIRTHAL,BARLEY (JAU),1950,1950,1950
KHAIRTHAL,MUSTARD,3441,5408,6251
KHAIRTHAL,MUSTARD,3441,5408,6376
KHAJUWALA,MUSTARD,5221,5423,5631
KISHANGARH RENWAL,CHANA (BENGAL GRAM)-DESI,5150,5150,5150
KISHANGARH RENWAL,BARLEY (JAU),2020,2020,2040
KOTA,WHEAT,2335,2411,2940
KOTA,PADDY,2690,2941,2952
KOTA,SOYABEANS,4251,4651,4651
KOTPUTLI,AMLA,2550,2550,2550
MAHUWA MANDAWAR,BAJRA,2221,2230,2261
MAHUWA MANDAWAR,WHEAT,2441,2441,2478
MAHUWA MANDAWAR,TARAMIRA,4700,4700,4700
MAHUWA MANDAWAR,BARLEY (JAU),1930,1930,1932
MAHUWA MANDAWAR,MUSTARD,5412,5478,5521
MAHUWA MANDAWAR,BARLEY (JAU),1930,1930,1932
MAHUWA MANDAWAR,MUSTARD,5100,5214,5896
MAHUWA MANDAWAR,CHANA (BENGAL GRAM),5124,5292,5296
MAHUWA MANDAWAR,BAJRA,2221,2230,2235
MAHUWA MANDAWAR,WHEAT,2441,2451,2456
MAHUWA MANDAWAR,CHANA (BENGAL GRAM),5124,5124,5296
MANDAWARI,MUSTARD,5214,5287,5326
MANDAWARI,WHEAT,2345,2453,2478
MANDAWARI,WHEAT,2345,2453,2478
MANDAWARI,MUSTARD,5214,5287,5326
NAGAR,MUSTARD,5900,5950,6017
NAGAR,MUSTARD,5750,5985,6740
NAGAR,JOWAR,3820,3900,3900
NOHAR,GUAR SEEDS,4508,5060,5060
NOHAR,MUSTARD SEED,5322,5322,5750
NOKHA,WHEAT,3000,3000,3000
NOKHA,GROUND NUT,4500,4500,4500
NOKHA,CHANA (BENGAL GRAM) ,5300,5300,5300
NOKHA,MOTH ,4300,4400,4800
NOKHA,MOONG WHOLE CHAMKI,7000,7000,7000
NOKHA,ISBGOL (PSYLLIUM HUSK) ,11000,13000,13550
NOKHA,MUSTARD,5100,5100,5250
NOKHA,GUAR SEEDS,4500,4700,4900
NOKHA,MOONG WHOLE (GREEN GRAM),7000,7000,7000
NOKHA,CUMMIN,15000,17000,20000
PILIBANGA,MUSTARD,5190,5558,5684
PILIBANGA,BARLEY (JAU),1707,1900,1921
PILIBANGA,PADDY-GRADE A,2525,2525,2750
PILIBANGA,COTTON SEED,7260,7260,7260
PILIBANGA,GUAR SEEDS,4907,4950,4977
PILIBANGA,PADDY,2250,2551,2800
PILIBANGA,COTTON,6250,7321,7321
RAISINGHNAGAR,BARLEY (JAU),1400,1815,5281
RAISINGHNAGAR,CHANA (BENGAL GRAM),5126,5200,5331
RAISINGHNAGAR,MUSTARD,4200,5524,5783
RAISINGHNAGAR,GUAR SEEDS,4951,4951,5157
RAJDHANI MANDI KUKARKHERA,BARLEY (JAU),1810,1820,1890
RAJDHANI MANDI KUKARKHERA,GUAR SEEDS,5120,5120,5120
RAJDHANI MANDI KUKARKHERA,GROUND NUT,4810,4810,4810
RANI,ISABGOL,12401,12500,12610
RANI,TARAMIRA,5100,5100,5100
RANI,MOONG WHOLE (GREEN GRAM),6100,6100,6100
RANI,WHEAT,2390,2390,2400
RANI,MUSTARD,5771,5771,5771
RANI,CHANA (BENGAL GRAM),5100,5100,5111
RANI,CHANA (BENGAL GRAM),5100,5100,5111
RANI,FENUGREEK (HARI METHI),4250,4725,4725
RIDMALSAR,BARLEY (JAU),1800,1800,1800
RIDMALSAR,MUSTARD SEED,5240,5461,5535
RIDMALSAR,AMERICAN-COTTON,7210,7210,7210
RIDMALSAR,GUAR SEEDS,5000,5090,5090
SHAHPURA,MUSTARD,5500,5500,5500
SIKAR,BARLEY (JAU),1798,1990,2000
SIKAR,GUAR SEEDS,5000,5000,5000
SIKAR,BAJRA,2000,2000,2000
SIKAR,MUSTARD,4900,4900,4900
SUMERPUR,CASTOR SEED,6012,6012,6120
SUMERPUR,WHEAT,2333,2375,2610
SUMERPUR,MUSTARD,5400,5426,5491
SURAJGARH,MUSTARD,5600,5700,5700
SURAJGARH,BARLEY (JAU),2000,2000,2000
UDAIPUR F AND V,PUMPKIN,800,800,800
UDAIPUR F AND V,BITTER GOURD,2750,2750,3000
UDAIPUR F AND V,TOMATO,600,750,1000
UDAIPUR F AND V,APPLE,4000,4000,4000
UDAIPUR F AND V,BRINJAL,1000,1200,2200
UDAIPUR F AND V,CHIKOOS,2000,2000,2000
UDAIPUR F AND V,CAPSICUM,2200,4000,4000
UDAIPUR F AND V,MANGO RAW,3000,3000,3000
UDAIPUR F AND V,CAULIFLOWER,1000,1500,2500
UDAIPUR F AND V,ORANGE,1000,2500,2500
UDAIPUR F AND V,CUCUMBER,1000,1000,2500
UDAIPUR F AND V,PINE APPLE,3500,3500,3500
UDAIPUR F AND V,LADY FINGER,2500,2500,4000
UDAIPUR F AND V,WATER MELON,800,1000,1000
UDAIPUR F AND V,MINT LEAVES,800,800,800
UDAIPUR F AND V,GARLIC,4000,4000,7000
UDAIPUR F AND V,TOMATO,1000,1000,1000
UDAIPUR F AND V,POTATO,1000,1000,1500
UDAIPUR F AND V,BEETROOT,1000,1000,1000
UDAIPUR F AND V,TINDA,2500,2500,2500
UDAIPUR F AND V,COCONUT,10,10,10
UDAIPUR F AND V,BOTTLE GOURD,600,800,1200
UDAIPUR F AND V,TOMATO,1000,1000,1000
UDAIPUR F AND V,BANANA,2000,2000,2000
UDAIPUR F AND V,CABBAGE,400,600,800
UDAIPUR F AND V,GRAPES,2500,2500,4000
UDAIPUR F AND V,CARROT,800,800,900
UDAIPUR F AND V,MUSK MELON,800,900,1000
UDAIPUR F AND V,BEANS -CLUSTER,3250,3250,5000
UDAIPUR F AND V,PAPAYA,1500,1500,1500
UDAIPUR F AND V,GREEN CHILLI,1500,2000,3000
UDAIPUR F AND V,POMEGRANATE,5000,5000,5000
UDAIPUR F AND V,LEMON,5000,5000,5000
UDAIPUR F AND V,PEAS GREEN ,2500,2500,2500
UDAIPUR F AND V,ONION,1000,1200,1500
UDAIPUR F AND V,GINGER,2500,2750,3000
UNIYARA,BENGAL GRAM LOCAL,5084,5084,5084
UNIYARA,MUSTARD,5790,5850,5950
UNIYARA,WHEAT,2428,2428,2428
UNIYARA,BENGAL GRAM LOCAL,5084,5300,5300
AMMOOR,URAD (BLACK GRAM),7100,7100,7100
AMMOOR,PADDY(75 KG),1480,1986,2492
AMMOOR,PADDY(75 KG),1480,1986,2492
ANTHIYUR,COPRA,11919,17292,18197
ANTHIYUR,ARHAR WHOLE / TUR (RED GRAM),3269,5769,5769
ANTHIYUR,MOTH ,8789,8789,8789
ANTHIYUR,CASTOR SEED,6919,6919,7069
ANTHIYUR,GINGILY (SESAME SEED)- WHITE,11591,13689,13689
ANTHIYUR,HORSE GRAM (WHOLE),3729,4069,4069
ANTHIYUR,GREEN GRAM,6079,6079,6079
ARANI,PADDY(75 KG),1283,2024,2782
ARANI,PADDY(75 KG),1283,2024,2782
ARCOT,PADDY ADT-37(TN),1867,1867,1867
ATTHUR,MAIZE,2403,2419,2419
ATTHUR,TURMERIC PANANGALI,25800,25800,25919
ATTHUR,TURMERIC,11003,13399,14399
AVALURPET,URAD (BLACK GRAM),6369,7520,7520
AVALURPET,COWPEA RED,3599,3599,6441
AVALURPET,GROUNDNUT KERNEL_80 KG(TN),7250,9699,9887
AVALURPET,HORSEGRAM,3069,3069,3069
AVALURPET,MOONG WHOLE (GREEN GRAM),6371,6371,6371
AVALURPET,DRY CHILLY_10 KG(TN),2000,5590,32000
AVALURPET,MAIZE,2342,2342,2342
AVALURPET,PADDY(75 KG),1654,2439,2479
AVALURPET,MOTH ,6019,6569,6569
BUDALUR,TAPIOCA,300,300,300
CHETPET,GINGELLY_80 KG(TN),4094,4094,4094
CHETPET,PADDY(75 KG),1644,2766,2819
CHETPET,URAD (BLACK GRAM),6973,6973,7289
CHETPET,PADDY(75 KG),1738,2766,2819
CHETPET,GROUNDNUT KERNEL_80 KG(TN),5267,5267,8938
CHETPET,HORSEGRAM,3321,3321,3321
CHETPET,GROUNDNUT KERNEL_80 KG(TN),5267,5267,8938
CHETPET,DRY CHILLY_10 KG(TN),3650,24730,25100
CHETPET,URAD (BLACK GRAM),6973,6973,7289
CHEYYAR,GROUNDNUT KERNEL_80 KG(TN),8709,8709,8709
CHEYYAR,PADDY(75 KG),1346,1955,2482
CHEYYAR,GREEN GRAM,6132,6132,6132
CHEYYAR,CHILLIES,5902,9400,24900
CHEYYAR,PADDY(75 KG),1346,2035,2308
CHEYYAR,CHILLIES,5902,24900,24900
CHEYYAR,URAD (BLACK GRAM),6717,6717,7247
CHEYYAR,COWPEA RED,6812,7098,7098
CHINNASALEM,MAIZE,2382,2382,2382
CHINNASALEM,GINGELLY_80 KG(TN),12762,12762,12762
CUDDALORE OT,GROUNDNUT KERNEL_80 KG(TN),3750,9950,9958
CUDDALORE OT,URAD (BLACK GRAM),3666,3666,3666
CUDDALORE OT,PADDY(75 KG),938,1742,1742
DESUR,PADDY ADT-37(TN),1986,2159,2166
DESUR,PADDY CO 51(TN),2032,2106,2116
DESUR,PADDY RNR (TN),1542,2306,2399
ELUMATHUR,COPRA,15126,18419,18459
GANGAVALLI,MAIZE,1801,1801,1801
GINGEE,GINGELLY_80 KG(TN),3799,11624,11774
GINGEE,PADDY(75 KG),1719,2226,3362
GINGEE,MOTH ,1697,10330,10330
GINGEE,URAD (BLACK GRAM),4339,7509,7509
GINGEE,GROUNDNUT KERNEL_80 KG(TN),5749,7999,9688
GINGEE,HORSEGRAM,4149,4149,4149
GINGEE,GREEN GRAM,5549,5549,5549
GINGEE,COWPEA WHITE,3049,3049,3049
GINGEE,PADDY(75 KG),1719,2226,3362
GUDIYATHAM,PADDY RNR (TN),1815,1815,1815
JEYANKONDAM,GROUNDNUT KERNEL_80 KG(TN),5995,9945,95219
JEYANKONDAM,GINGELLY_80 KG(TN),12337,13799,14299
KALAVAI,PADDY(75 KG),1826,1995,2652
KALAVAI,PADDY(75 KG),1884,2015,2234
KALLAKURICHI,REDGRAM-RED,5009,5009,5009
KALLAKURICHI,KODO MILLET,1996,1996,2079
KALLAKURICHI,GINGELLY_80 KG(TN),5558,13499,14374
KALLAKURICHI,URAD (BLACK GRAM),2259,5919,7719
KALLAKURICHI,MAIZE,2329,2389,2409
KALLAKURICHI,CASTOR SEED,6809,6809,6809
KANGEYAM,COPRA,13000,14000,14000
KILPENNATHUR,CUMBU-HYBRID ,2519,2519,2519
KILPENNATHUR,RAGI,3713,3713,3713
KILPENNATHUR,PADDY(75 KG),1214,1946,2244
KILPENNATHUR,URAD (BLACK GRAM),4069,7409,7619
KILPENNATHUR,COWPEA BLACK,5609,6409,6409
KILPENNATHUR,MAIZE,2309,2351,2351
KILPENNATHUR,GROUNDNUT KERNEL_80 KG(TN),5625,9337,9674
KILPENNATHUR,HORSE GRAM WHITE,3200,3200,3200
KILPENNATHUR,DRY CHILLY_10 KG(TN),2000,30290,31290
KODUMUDI,GINGILY (SESAME SEEDS) - RED,10809,13489,14390
KODUMUDI,GINGILY (SESAME SEED)- BLACK,9599,15000,18899
KURUNJIPADY,GROUNDNUT KERNEL_80 KG(TN),5287,9874,9983
KURUNJIPADY,URAD (BLACK GRAM),7366,7366,7366
KURUNJIPADY,GROUNDNUT KERNEL_80 KG(TN),5287,9874,9983
MANALURPET,BAJRA-HYBRID,2139,2139,2139
MANALURPET,PADDY RNR (TN),1910,2039,2164
MANALURPET,MAIZE,2359,2369,2369
MANALURPET,GINGELLY_80 KG(TN),10837,10837,12112
MOOLANUR,COTTON,7079,7079,7721
MYLAMPADI,GINGILY (SESAME SEED)- BLACK,14599,17699,17699
MYLAMPADI,GINGILY (SESAME SEED)- WHITE,13399,13399,13499
PANRUTI,FOX TAIL MILLET,3539,3539,3539
PANRUTI,GROUNDNUT KERNEL_80 KG(TN),8838,8838,8838
PANRUTI,MOTH ,2069,9450,9919
PANRUTI,GINGELLY_80 KG(TN),9549,9549,12737
PANRUTI,PADDY(75 KG),1282,1835,1839
PANRUTI,URAD (BLACK GRAM),5831,7369,7369
PARAMATHI VELUR,PADDY,850,900,1100
PARAMATHI VELUR,COCONUT DEHUSKED IN QUINTAL,3841,5629,5729
POLLACHI,COPRA,8000,8000,12500
POLUR,PADDY RNR (TN),1826,2396,2503
POLUR,PADDY(75 KG),1879,2067,2090
POLUR,PADDY RNR (TN),1826,2263,2503
POLUR,PADDY ADT-37(TN),1826,1975,1990
POLUR,PADDY CO 51(TN),1959,2056,2092
POLUR,URAD (BLACK GRAM),6350,6350,6350
PONGALUR,MAIZE LOCAL,3750,3750,3750
SANKARAPURAM,GINGELLY_80 KG(TN),8075,10513,10513
SANKARAPURAM,MAIZE,2363,2389,2400
SANKARAPURAM,PADDY(75 KG),1920,2275,2275
SATHYAMANGALAM,COPRA,12115,18518,18518
SINGAMPUNERI,GROUNDNUT LOCAL,6878,6878,6878
SRIMUSHNAM,COPRA_80 KG(TN),11549,11549,11549
SRIMUSHNAM,GROUNDNUT KERNEL_80 KG(TN),8612,8612,9299
SRIMUSHNAM,GREEN GRAM,5659,5659,5659
SRIMUSHNAM,COWPEA RED,1639,1639,4109
SRIMUSHNAM,GINGELLY_80 KG(TN),5712,13287,13287
SRIMUSHNAM,PADDY(75 KG),2052,2106,2106
SRIMUSHNAM,URAD (BLACK GRAM),4029,5555,5555
THIRUKOVILUR,URAD (BLACK GRAM),2500,6250,7249
THIRUKOVILUR,PADDY ADT-37(TN),2054,2054,2054
THIRUKOVILUR,URAD (BLACK GRAM),2500,6390,7249
THIRUKOVILUR,BAJRA,2169,2729,2836
THIRUKOVILUR,PADDY ADT-37(TN),1479,2106,2360
THIRUKOVILUR,COPRA_80 KG(TN),15263,15263,15263
THIRUKOVILUR,GROUNDNUT KERNEL_80 KG(TN),8362,8362,10004
THIRUKOVILUR,GREEN GRAM,2289,4889,6079
THIRUKOVILUR,MAIZE-NEW,2381,2389,2389
THIRUKOVILUR,GINGELLY_80 KG(TN),9488,9488,13749
THIRUKOVILUR,COWPEA RED,3299,3869,4789
THIRUKOVILUR,MAIZE-NEW,2315,2379,2392
THIRUKOVILUR,RAGI,4011,4011,4011
THIRUKOVILUR,GINGELLY_80 KG(TN),8238,13749,14383
THIRUKOVILUR,MOTH ,4500,4500,5569
THIRUKOVILUR,BAJRA,2169,2649,2649
THIRUMANGALAM,BAJRA,2800,2800,2800
THIRUMANGALAM,CHANA (BENGAL GRAM) ,6400,6400,6400
THIRUMANGALAM,PADDY,1987,3400,4000
THIRUMANGALAM,GREEN GRAM,8400,8400,8400
THIRUPPUR,COCONUT WITH HUSK,14,14,17
THIYAGADURGAM,PADDY(75 KG),1890,2010,2334
THIYAGADURGAM,MAIZE-NEW,2119,2119,2119
THIYAGADURGAM,URAD (BLACK GRAM),5019,5019,5019
THUVARANKURICHY,BRINJAL,500,500,500
THUVARANKURICHY,TOMATO,500,500,500
TINDIVANAM,GINGELLY_80 KG(TN),12125,13610,13610
TINDIVANAM,MOTH ,1599,10253,10253
TINDIVANAM,URAD (BLACK GRAM),4802,7850,7850
TINDIVANAM,GROUNDNUT KERNEL_80 KG(TN),8587,10149,10149
TINDIVANAM,GREEN GRAM,7280,7280,7280
UDUMALPET,MAIZE,2360,2410,2410
ULUNDURPETTAI,GROUNDNUT KERNEL_80 KG(TN),5488,6262,6262
ULUNDURPETTAI,GREEN GRAM,6569,6799,6799
ULUNDURPETTAI,COWPEA RED,4669,6110,6110
ULUNDURPETTAI,MAIZE,2343,2343,2453
ULUNDURPETTAI,GINGELLY_80 KG(TN),8445,11124,11124
ULUNDURPETTAI,PADDY(75 KG),1226,2083,2423
ULUNDURPETTAI,URAD (BLACK GRAM),5999,6741,7169
ULUNDURPETTAI,BAJRA,2809,2809,2909
ULUNDURPETTAI,RAGI,3255,3568,3611
UTHIRAMERUR,PADDY ADT-37(TN),2031,2031,2034
UTHIRAMERUR,PADDY(75 KG),1924,1924,1924
VANDAVASI,URAD (BLACK GRAM),7122,7422,7600
VANDAVASI,GROUNDNUT KERNEL_80 KG(TN),8007,8007,9175
VANDAVASI,MOTH ,7050,7050,7050
VANDAVASI,COWPEA WHITE,4500,4500,4500
VANDAVASI,PADDY(75 KG),1835,2208,2558
VANDAVASI,COPRA,8222,8222,8222
VANDAVASI,PADDY(75 KG),1835,2208,2558
VANDAVASI,URAD (BLACK GRAM),7122,7322,7600
VANIYAMBADI,CASTOR SEED,5800,5800,5800
VANIYAMBADI,RED GRAM-GAJRA,7000,7000,7200
VANIYAMBADI,COPRA GRADE-2,6000,9000,9000
VANIYAMBADI,COPRA,14500,14500,14500
VANIYAMBADI,RAGI,3900,3900,3900
VELLORE,RED GRAM-LOCAL,3788,7305,7305
VELLORE,COPRA_80 KG(TN),12392,15212,17324
VELLORE,HORSEGRAM,3438,3438,3438
VETTAVALAM,PADDY(75 KG),1834,2236,2448
VIKIRAVANDI,MAIZE,2134,2134,2134
VIKIRAVANDI,GINGELLY_80 KG(TN),8750,13799,13799
VIKIRAVANDI,MOTH ,1175,7699,10459
VIKIRAVANDI,URAD (BLACK GRAM),1200,7912,7912
VIKIRAVANDI,BAJRA,2427,2658,2658
VIKIRAVANDI,GROUNDNUT PODS_40 KG(TN),4673,7503,7503
VIKIRAVANDI,PADDY(75 KG),1434,2040,2174
VIKIRAVANDI,GREEN GRAM,7229,7229,7229
VILLUPURAM,MAIZE,2359,2359,2359
VILLUPURAM,GINGELLY_80 KG(TN),7462,13587,13663
VILLUPURAM,MOTH ,1869,9210,10441
VILLUPURAM,URAD (BLACK GRAM),4000,7319,7830
VILLUPURAM,BAJRA-YELLOW,3289,3289,3289
VILLUPURAM,COTTON,4496,7777,7777
VILLUPURAM,PADDY(75 KG),1786,2075,2340
VILLUPURAM,MOONG WHOLE (GREEN GRAM),6600,6600,6600
VILLUPURAM,COWPEA BLACK,5189,5789,5789
VILLUPURAM,MOTH ,1869,9210,10436
VILLUPURAM,BAJRA,2669,2705,2797
VIRUDHACHALAM,MOTH ,11669,12006,13009
VIRUDHACHALAM,CORIANDAR,10689,10689,10689
VIRUDHACHALAM,BAJRA,2751,2781,2781
VIRUDHACHALAM,GINGELLY_80 KG(TN),5174,13665,14004
VIRUDHACHALAM,KODO MILLET,2135,2135,2135
VIRUDHACHALAM,GINGELLY_80 KG(TN),5374,13665,14004
VIRUDHACHALAM,PADDY(75 KG),1818,1968,2483
VIRUDHACHALAM,HORSEGRAM,4606,4606,4606
VIRUDHACHALAM,URAD (BLACK GRAM),2299,7109,7369
VIRUDHACHALAM,COWPEA RED,2289,2289,4329
VIRUDHACHALAM,MAIZE,2369,2379,2379
VIRUDHACHALAM,GROUNDNUT KERNEL_80 KG(TN),5237,9587,10424
VIRUDHACHALAM,COPRA_80 KG(TN),12233,15499,15499
VIRUDHACHALAM,GROUNDNUT KERNEL_80 KG(TN),5237,9587,10424
VIRUDHACHALAM,ARHAR DAL SPLIT,6769,6769,6769
HYDERABAD,CHILLI-SUPER10,8800,8800,8800
HYDERABAD,CHILLI-273,5500,5500,9600
HYDERABAD,CHILLI-TEJA,6500,9500,9500
HYDERABAD,CHILLIES,3501,10501,12500
HYDERABAD,CHILLI-SUPER10,8800,8800,8800
HYDERABAD,CHILLIES,3002,9200,16000
NARAYANPET,JOWAR-WHITE,4356,4356,4426
NARAYANPET,GROUND NUT,5220,5420,5520
NARAYANPET,LOBIA,6769,6851,6851
NARAYANPET,JOWAR-WHITE,3986,4356,4426
NARAYANPET,TAMARIND,5570,7150,7150
NARAYANPET,REDGRAM-WHITE,7430,7430,7430
NARAYANPET,GREEN GRAM,7575,7575,7575
NARAYANPET,TAMARIND,4870,7350,7350
NIZAMABAD,TURMERIC BULB,8000,8000,8000
SURYAPETA,PADDY-BPT,1409,1409,1409
SURYAPETA,PADDY-JAI SRIRAM,1863,2421,2421
SURYAPETA,GREEN GRAM,6969,7082,7082
SURYAPETA,PADDY HMT,1756,2011,2142
SURYAPETA,PADDY-IR.64,1406,1856,1893
SURYAPETA,REDGRAM-RED,5759,5759,5759
ACHHALDA APMC,WHEAT,2500,2500,2500
ACHNERA,WHEAT,2370,2370,2370
AJUHA,WHEAT,2500,2545,2545
AKBARPUR,ONION,2250,2250,2250
AKBARPUR,TOMATO,1050,1050,1100
ALIGARH,CAULIFLOWER,1350,1420,1420
ALIGARH,TOMATO,600,650,730
ALIGARH,POTATO,1050,1050,1150
ANAND NAGAR APMC,BANANA,1800,1800,1800
AYODHYA,CAULIFLOWER,870,960,970
BABERU,WHEAT,2500,2500,2500
BADAUN,GREEN CHILLI,2000,2000,2000
BADAUN,TOMATO,670,670,670
BADAUN,CAPSICUM,2000,2000,2000
BADAUN,POTATO,970,970,970
BARABANKI,BOTTLE GOURD,1310,1345,1400
BARABANKI,POTATO,1100,1100,1100
BARABANKI,CAULIFLOWER,950,980,980
BARABANKI,PUMPKIN,1395,1400,1400
BARABANKI,POTATO,1100,1100,1100
BAREILLY,BRINJAL,600,750,750
BAREILLY,CAULIFLOWER,600,600,650
BILSI,PADDY,2100,2100,2100
BILSI,MASOOR,6700,6700,6700
CHARRA,BAJRA,2300,2300,2301
CHARRA,PADDY,2201,2201,2205
CHAUBEPUR,WHEAT,2900,2900,2900
CHIRGAON,PADDY-BASMATI1509,2450,2450,2450
DEORIA,BOTTLE GOURD,1450,1450,1450
DEORIA,GREEN CHILLI,2800,2800,2800
DEORIA,CUCUMBER,1650,1650,1650
DEORIA,TOMATO,600,600,600
FATEHPUR APMC,POTATO,1060,1060,1060
FATEHPUR APMC,BRINJAL,805,810,810
FATEHPUR APMC,TOMATO,710,710,710
FATEHPUR APMC,CAULIFLOWER,990,990,990
FATEHPUR SIKRI,WHEAT,2430,2430,2430
GHIROR,GARLIC,5000,8000,8000
GORAKHPUR,CAULIFLOWER,710,720,720
GORAKHPUR,PEAS GREEN ,720,720,720
GORAKHPUR,CARROT,710,710,720
GORAKHPUR,BANANA,710,710,710
GORAKHPUR,CABBAGE,710,710,720
JAHANGIRABAD,PADDY,2751,2751,2751
JAIS,PADDY COMMON,2300,2300,2300
JANGIPURA,PADDY 1001,2310,2310,2310
JANGIPURA,RICE,2710,2710,2710
JAUNPUR APMC,BOTTLE GOURD,1290,1290,1290
JAUNPUR APMC,CARROT,1525,1525,1525
JAUNPUR APMC,BRINJAL,1365,1365,1365
JAUNPUR APMC,CUCUMBER,1815,1815,1815
KANPUR,WHEAT,2602,2602,2611
KARWI APMC,PADDY-BASMATI1121,2900,2900,2900
KASGANJ,BAJRA,2150,2150,2150
KASGANJ,WHEAT,2240,2340,2785
KASGANJ,MAIZE,2240,2430,2450
KASGANJ,MUSTARD,4465,5362,5362
KHAIR,WHEAT,2400,2412,2426
KONCH,WHEAT,2430,2430,2450
KONCH,WHEAT,2430,2430,2450
LAKHIMPUR,WHEAT,2426,2430,2435
LAKHIMPUR,MUSTARD,5015,5035,6050
LAKHIMPUR,MUSTARD,5015,5035,6050
LAKHIMPUR,WHEAT,2426,2430,2440
MADHOGANJ,WHEAT,2500,2500,2580
MIRZAPUR,GREEN CHILLI,1000,1000,1015
MIRZAPUR,BRINJAL,610,615,620
NAWABGANJ APMC,PADDY,2300,2300,2300
PALIA KALAN,CHILLI BANGARAM,3000,3000,3000
PALIA KALAN,LEMON,6000,6000,6000
PALIA KALAN,GINGER,4000,4000,4000
PALIA KALAN,TOMATO,1000,1000,1000
POWAYAN,WHEAT,2500,2500,2500
POWAYAN,CAULIFLOWER,400,400,400
POWAYAN,GREEN CHILLI,2000,2000,2000
POWAYAN,POTATO,800,800,800
POWAYAN,JACK FRUIT,1000,1000,1000
POWAYAN,CUCUMBER,800,800,800
POWAYAN,LADY FINGER,1000,1000,1000
POWAYAN,TOMATO,600,600,600
PRATAPGARH,BOTTLE GOURD,1450,1450,1450
PRATAPGARH,POTATO,1100,1100,1100
PRATAPGARH,TOMATO,650,650,650
PRATAPGARH,CAULIFLOWER,750,750,750
PRATAPGARH,PUMPKIN,1650,1650,1650
PRAYAGRAJ,GREEN CHILLI,1604,1608,16015
RAE BARELI,CAULIFLOWER,700,700,700
RAE BARELI,PUMPKIN,600,600,600
RAE BARELI,BOTTLE GOURD,600,600,600
RAE BARELI,CUCUMBER,800,800,800
RAMPUR,ONION,1590,1590,1590
RAMPUR,TOMATO,970,1120,1350
RAMPUR,GREEN CHILLI,2150,2260,2510
RAMPUR,POTATO,670,970,1150
SADABAD APMC,BOTTLE GOURD,613,613,613
SADABAD APMC,PUMPKIN,603,603,603
SADABAD APMC,BRINJAL,602,602,602
SADABAD APMC,RADDISH,802,802,802
SAHARANPUR,BRINJAL,850,900,1000
SAHARANPUR,CAULIFLOWER,400,821,821
SAHARANPUR,PUMPKIN,750,900,900
SAHARANPUR,BOTTLE GOURD,820,820,850
SAHARANPUR,CARROT,600,600,600
SAHARANPUR,CUCUMBER,700,700,1000
SAMBHAL APMC,TOMATO,1000,1000,1000
SAMBHAL APMC,CARROT,1300,1300,1300
SAMBHAL APMC,GREEN CHILLI,1700,1700,1700
SAMBHAL APMC,POTATO,900,900,900
SAMBHAL APMC,CUCUMBER,1500,1500,1500
SAMBHAL APMC,BHINDI (LADIES FINGER),1800,1800,1800
SHAGANJ,BOTTLE GOURD,1280,1280,1280
SHAGANJ,CUCUMBER,1810,1810,1810
SHAGANJ,CHILLI-273 A/C,2810,2810,2810
SHAGANJ,BRINJAL,1360,1360,1360
SHAHBAD HARDOI,WHEAT,2425,2425,2440
SHAMLI,TOMATO,800,1000,1000
SHAMLI,JAGGERY,3426,3472,3526
SHAMLI,POTATO,1000,1000,1100
SIRSAGANJ,POTATO,820,820,820
SITAPUR,WHEAT,2380,2380,2380
SULTANPUR,PADDY,2200,2200,2200
TUNDLA,BARLEY (JAU),2325,2330,2330
TUNDLA,MUSTARD SEED,5750,5750,5800
TUNDLA,BAJRA,2200,2200,2240
TUNDLA,WHEAT,2425,2460,2475
WAZIRGANJ APMC,MASOOR,6500,6500,6500
WAZIRGANJ APMC,MAIZE,2120,2120,2120
BHAGWANPUR,CUCUMBER,600,600,600
BHAGWANPUR,RADDISH,450,650,650
BHAGWANPUR,BRINJAL,600,600,600
BHAGWANPUR,POTATO,450,450,550
DEHRADUN,CUCUMBER,1300,1300,1300
DEHRADUN,RADDISH,500,500,500
DEHRADUN,CABBAGE,500,500,500
DEHRADUN,CAULIFLOWER,500,500,500
DEHRADUN,PUMPKIN,1300,1300,1300
DEHRADUN,TOMATO,900,900,900
DEHRADUN,BOTTLE GOURD,1300,1300,1300
DEHRADUN,CARROT,900,900,900
HALDWANI,PUMPKIN,1000,1000,1280
HALDWANI,PEAS GREEN ,1895,1895,2100
HALDWANI,CABBAGE,1200,1200,1200
HALDWANI,CARROT,1200,1200,1200
HALDWANI,CUCUMBER,1010,1280,1280
HALDWANI,LADY FINGER,2000,2100,2100
HALDWANI,BRINJAL,1200,1200,1200
HALDWANI,CAPSICUM,1010,1010,1010
HALDWANI,BEANS -CLUSTER,1300,1300,2000
HALDWANI,GREEN CHILLI,1980,1980,1980
HARIDWAR,PAPAYA,1850,1860,1860
HARIDWAR,BOTTLE GOURD,1150,1150,1150
HARIDWAR,CABBAGE,450,450,450
HARIDWAR,CUCUMBER,1050,1050,1050
HARIDWAR,ONION,1550,1550,1560
HARIDWAR,PUMPKIN,1050,1050,1050
HARIDWAR,BANANA,1050,1050,1060
HARIDWAR,PEAS GREEN ,1050,1050,1050
HARIDWAR,BRINJAL,850,850,850
HARIDWAR,CAULIFLOWER,550,550,550
HARIDWAR,GREEN CHILLI,1550,1550,1550
HARIDWAR,POTATO,700,700,710
HARIDWAR,TOMATO,1050,1060,1060
KASHIPUR,CAPSICUM,1500,1700,1700
KASHIPUR,CAULIFLOWER,450,450,500
KASHIPUR,LADY FINGER,4250,4250,4285
KASHIPUR,ONION,1500,1600,1600
KASHIPUR,GUAVA,1500,1500,1600
KASHIPUR,PAPAYA,2200,2400,2400
KASHIPUR,RADDISH,500,500,8500
KASHIPUR,CORIANDAR,685,1300,2200
KASHIPUR,TOMATO,450,500,1550
KASHIPUR,BOTTLE GOURD,1150,1200,1300
KASHIPUR,RADDISH,400,500,8500
KASHIPUR,CABBAGE,500,500,500
KASHIPUR,CARROT,1200,1200,1200
KASHIPUR,CUCUMBER,500,500,1500
KASHIPUR,LEMON,4300,8300,8300
KASHIPUR,BANANA,2200,2200,2400
KASHIPUR,ORANGE,2150,2200,2200
KASHIPUR,POTATO,1100,1200,1200
KASHIPUR,CHILLIES,2185,2200,2300
KASHIPUR,RIDGE GOURD (TURAI),4300,4300,4300
KASHIPUR,GARLIC,3400,4200,4300
KASHIPUR,BRINJAL,650,650,650
LAKSAR,WHEAT,2520,2520,2520
MANGLOUR,GRAPES,2885,2885,2885
MANGLOUR,PAPAYA,1050,1050,1050
MANGLOUR,ONION,1060,1060,1060
MANGLOUR,TOMATO,810,811,812
MANGLOUR,CHIKOOS,2075,2075,2100
MANGLOUR,MUSK MELON,1245,1245,1245
MANGLOUR,CAULIFLOWER,525,525,525
MANGLOUR,POTATO,818,825,825
MANGLOUR,BANANA,1024,1045,1055
RAMNAGAR,POTATO,700,700,1000
RAMNAGAR,CABBAGE,400,400,400
RAMNAGAR,POTATO,1000,1000,1000
RAMNAGAR,ONION RED,2000,2000,2000
RAMNAGAR,BANANA,1000,1000,1000
RAMNAGAR,CAULIFLOWER,400,400,400
RISHIKESH,PUMPKIN,900,900,900
RISHIKESH,CABBAGE,625,625,625
RISHIKESH,CAULIFLOWER,605,620,620
RISHIKESH,POTATO,800,800,800
RISHIKESH,TOMATO,845,845,845
RISHIKESH,BOTTLE GOURD,825,825,825
RISHIKESH,CAPSICUM,1480,1480,1480
RISHIKESH,CUCUMBER,1500,1500,1500
ROORKEE,PEAS GREEN ,1500,1500,1500
ROORKEE,BRINJAL,500,500,500
ROORKEE,CAPSICUM,800,800,800
ROORKEE,CUCUMBER,1000,1000,1000
ROORKEE,ONION,1500,1500,1500
ROORKEE,TOMATO,800,800,800
ROORKEE,GINGER,2500,2500,2500
ROORKEE,CABBAGE,500,500,500
ROORKEE,CAULIFLOWER,500,500,500
ROORKEE,LEMON,2500,2500,2500
ROORKEE,POTATO,500,600,600
BAGDA KRISHAK BAZAR,BOTTLE GOURD,500,500,500
BAGDA KRISHAK BAZAR,GREEN CHILLI,4000,4000,4000
BAGDA KRISHAK BAZAR,POINTED GOURD (PARWAL),3600,3600,3600
BAGDA KRISHAK BAZAR,BITTER GOURD,2200,2200,2200
BAGDA KRISHAK BAZAR,BRINJAL,4000,4000,4000
BAGDA KRISHAK BAZAR,IVY GOURD (KUNDRU),1700,1700,1700
BAGDA KRISHAK BAZAR,PUMPKIN,1000,1000,1000
BAGDA KRISHAK BAZAR,PAPAYA,3000,3000,3000
BISHNUPUR,BITTER GOURD,2500,2500,2500
BISHNUPUR,CUCUMBER,2800,2800,2800
BISHNUPUR,LADY FINGER,2000,2000,2000
BISHNUPUR,BRINJAL,3500,3500,3500
BISHNUPUR,GREEN CHILLI,3500,3500,3500
BISHNUPUR,POINTED GOURD (PARWAL),4200,4200,4200
DHUPGURI PRINCIPAL MARKET YARD,CABBAGE,300,300,300
DHUPGURI PRINCIPAL MARKET YARD,CAULIFLOWER,900,900,900
DHUPGURI PRINCIPAL MARKET YARD,GREEN CHILLI,1100,1100,1100
DHUPGURI PRINCIPAL MARKET YARD,PUMPKIN,900,900,900
DHUPGURI PRINCIPAL MARKET YARD,BRINJAL,1800,1800,1800
DHUPGURI PRINCIPAL MARKET YARD,CARROT,1800,1800,1800
DHUPGURI PRINCIPAL MARKET YARD,BEANS -CLUSTER,1100,1100,1100
DHUPGURI PRINCIPAL MARKET YARD,POTATO,900,900,900
DHUPGURI PRINCIPAL MARKET YARD,TOMATO,300,300,300
JIYAGANJ KRISHAK BAZAR,LADY FINGER,3000,3000,3000
JIYAGANJ KRISHAK BAZAR,TOMATO,600,600,600
JIYAGANJ KRISHAK BAZAR,BITTER GOURD,3000,3000,3000
JIYAGANJ KRISHAK BAZAR,CUCUMBER,3800,3800,3800
JIYAGANJ KRISHAK BAZAR,GREEN CHILLI,4500,4500,4500
JIYAGANJ KRISHAK BAZAR,POINTED GOURD (PARWAL),3500,3500,3500
JIYAGANJ KRISHAK BAZAR,BRINJAL,3500,3500,3500
JIYAGANJ KRISHAK BAZAR,DRUMSTICK,2000,2000,2000
KARIMPUR SUBMARKET YARD,POINTED GOURD (PARWAL),3520,3520,3520
MOHAMAD BAZAR KRISHAK BAZAR,POTATO,700,700,700
MOHAMAD BAZAR KRISHAK BAZAR,TOMATO,400,400,400
MOHAMAD BAZAR KRISHAK BAZAR,CABBAGE,500,500,500
MOHAMAD BAZAR KRISHAK BAZAR,PUMPKIN,800,800,800
NAKASHIPARA KRISHAK BAZAR,TUBEROSE,1535,1535,1550
NAKASHIPARA KRISHAK BAZAR,MARI GOLD,2540,2540,2600
SAMSHERGANJ KRISHAK BAZAR,ONION,1500,1500,1500
SAMSHERGANJ KRISHAK BAZAR,POTATO,950,950,950
SAMSHERGANJ KRISHAK BAZAR,BRINJAL,3250,3250,3250
SAMSHERGANJ KRISHAK BAZAR,POINTED GOURD (PARWAL),3500,3500,3500
SAMSHERGANJ KRISHAK BAZAR,TOMATO,625,625,625
SAMSI SUB MARKET YARD,WATER MELON,1820,1820,1820
